City ID,City,State,Population,Cost of Living Index,Rent,Housing Cost
1, "Phenix City","AL",36219,83.8,795,131994
2, "Vestavia Hills","AL",34291,89.3,1068,387921
3, "Apache Junction","AZ",40538,94.3,806,174477
4, "Bullhead City","AZ",40252,87.6,740,135165
5, "Casa Grande","AZ",55477,93.6,905,188388
6, "El Mirage","AZ",35216,94.6,1212,162100
7, "Lake Havasu City","AZ",54411,88.6,856,190298
8, "Oro Valley","AZ",44350,91.3,1139,311829
9, "Prescott Valley","AZ",44466,92.7,941,226326
10, "Sierra Vista","AZ",42912,85.4,927,194015
11, "Fort Smith","AR",88037,79.4,619,121900
12, "Hot Springs","AR",36915,81.9,662,122463
13, "Little Rock","AR",198606,85.1,875,169900
14, "North Little Rock","AR",65911,85.0,772,137600
15, "Pine Bluff","AR",42984,79.8,694,77304
16, "Aliso Viejo","CA",51671,87.5,2206,637574
17, "Apple Valley","CA",73077,80.5,1053,249900
18, "Baldwin Park","CA",76402,137.1,1457,416500
19, "Bell Gardens","CA",42747,143.8,1222,412375
21, "Beverly Hills","CA",34484,171.5,2159,2374749
22, "Buena Park","CA",83015,88.9,1567,570900
23, "Cathedral City","CA",54596,82.1,1217,269187
24, "Chino Hills","CA",80374,83.3,1925,610900
25, "Chula Vista","CA",270471,135.8,1604,497800
26, "Citrus Heights","CA",87931,101.7,1211,302300
27, "Costa Mesa","CA",113825,89.9,1798,744900
28, "Culver City","CA",39283,150.5,1864,873432
29, "Daly City","CA",107074,167.5,2152,786200
30, "Dana Point","CA",33934,90.0,2047,912947
31, "Diamond Bar","CA",56665,139.7,2052,729997
32, "El Cajon","CA",103894,139.8,1232,458100
33, "El Centro","CA",44364,93.5,788,206804
34, "El Monte","CA",116109,140.5,1224,442100
35, "Foster City","CA",34412,170.2,3163,1245006
36, "Fountain Valley","CA",56313,88.5,1932,716189
37, "Garden Grove","CA",174226,88.6,1426,558800
38, "Huntington Beach","CA",201874,89.0,1823,738600
39, "La Habra","CA",62466,87.5,1487,518118
40, "Huntington Park","CA",58822,143.9,1044,424486
41, "Laguna Hills","CA",31318,87.6,2010,711372
42, "Laguna Niguel","CA",66334,88.9,2260,809500
43, "Lake Elsinore","CA",66411,81.5,1356,347000
44, "Lake Forest","CA",84293,87.4,1920,626900
45, "La Mesa","CA",60021,140.6,1497,529965
46, "La Mirada","CA",49095,138.1,1720,568040
47, "La Puente","CA",40322,136.7,1309,432560
48, "La Verne","CA",32461,137.1,1500,636314
49, "Long Beach","CA",469450,142.8,1278,557700
50, "Los Angeles","CA",3999759,145.8,1397,647000
51, "Los Banos","CA",39183,95.4,1196,293139
52, "Manhattan Beach","CA",35924,156.1,2537,2012480
53, "Menlo Park","CA",34357,185.6,2417,2090331
54, "Mission Viejo","CA",96016,87.9,2199,694600
55, "Monterey Park","CA",61044,148.1,1352,672885
56, "Moreno Valley","CA",207226,81.7,1443,305900
57, "Morgan Hill","CA",45037,150.7,1937,854571
58, "Mountain View","CA",81438,170.8,2353,1461400
59, "National City","CA",61363,140.3,1182,401601
60, "Newport Beach","CA",86160,94.3,2103,1902000
61, "Palm Desert","CA",52932,82.8,1254,380267
62, "Palm Springs","CA",48142,83.7,1055,394514
63, "Palo Alto","CA",67178,176.9,2673,2000001
64, "Pico Rivera","CA",63522,137.8,1335,451440
65, "Pleasant Hill","CA",34987,151.2,2048,778926
66, "Rancho Cordova","CA",73563,101.1,1200,304400
67, "Rancho Cucamonga","CA",177452,82.7,1773,488000
68, "Rancho Palos Verdes","CA",42364,148.0,2535,1247930
69, "Rancho Santa Margarita","CA",48793,87.0,1911,677977
70, "Redondo Beach","CA",67908,145.0,1972,907400
71, "Redwood City","CA",86685,173.8,2327,1196500
72, "Rohnert Park","CA",42838,143.5,1698,461782
73, "San Bernardino","CA",216995,81.6,1038,245900
74, "San Bruno","CA",43299,168.9,2288,894012
75, "San Diego","CA",1419516,140.1,1642,600300
76, "San Dimas","CA",34326,137.4,1707,609479
77, "San Francisco","CA",884363,173.6,1836,1104100
78, "High Point","NC",111513,90.7,840,144600
79, "San Gabriel","CA",40514,151.1,1413,746027
80, "San Jacinto","CA",48254,80.5,1160,217991
81, "San Jose","CA",1035317,156.4,2109,854700
82, "San Leandro","CA",90553,153.8,1591,597000
83, "San Luis Obispo","CA",47541,115.0,1484,678983
84, "San Marcos","CA",96198,135.6,1523,525200
85, "San Mateo","CA",104748,175.0,2480,1093900
86, "San Rafael","CA",59070,165.8,1931,911239
87, "San Ramon","CA",75931,147.6,2296,957800
88, "Santa Ana","CA",334136,88.2,1496,494700
89, "Santa Barbara","CA",92101,124.6,1751,1037400
90, "Santa Clara","CA",127134,162.3,2298,1001100
91, "Santa Clarita","CA",210888,135.2,1825,536700
92, "Santa Cruz","CA",65021,173.3,1780,860600
93, "Santa Maria","CA",107014,110.8,1331,350200
94, "Santa Monica","CA",92306,158.7,1743,1237500
95, "Santa Rosa","CA",175269,145.7,1540,568200
96, "Simi Valley","CA",126878,93.0,1944,602800
97, "South Gate","CA",95430,141.3,1111,420800
98, "South San Francisco","CA",67429,167.4,1974,873000
99, "Temple City","CA",36367,147.5,1482,784854
100, "Thousand Oaks","CA",128995,93.5,2007,728700
101, "Union City","CA",75343,151.7,2050,805100
102, "Walnut Creek","CA",69773,153.4,2110,814600
103, "West Covina","CA",107598,138.2,1629,559200
104, "West Hollywood","CA",37080,154.9,1580,812401
105, "West Sacramento","CA",53512,100.8,987,353559
106, "Yorba Linda","CA",68229,87.8,2275,913700
107, "Yuba City","CA",66860,93.5,1014,274800
108, "Castle Rock","CO",62276,109.5,1461,363713
109, "Colorado Springs","CO",464474,98.3,1093,265400
110, "Commerce City","CO",55923,109.8,1255,238537
111, "Fort Collins","CO",165080,100.5,1316,366500
112, "Grand Junction","CO",62475,93.7,919,226798
113, "Wheat Ridge","CO",31294,112.9,1108,365562
114, "New Haven","CT",131014,130.6,1127,194200
115, "West Haven","CT",54843,128.9,1128,192509
116, "Washington","DC",693972,124.9,1499,607200
117, "Altamonte Springs","FL",44277,91.9,1154,208467
118, "Boca Raton","FL",98150,103.8,1483,459200
119, "Bonita Springs","FL",56088,94.4,1298,306613
120, "Boynton Beach","FL",77702,101.3,1495,200200
121, "Cape Coral","FL",183365,92.6,1216,225800
122, "Coconut Creek","FL",61010,114.2,1508,224689
123, "Coral Gables","FL",51095,118.1,1593,801183
124, "Coral Springs","FL",133037,114.7,1468,347400
125, "Cutler Bay","FL",45101,107.8,1573,288100
126, "Deerfield Beach","FL",80571,113.4,1286,165100
127, "Delray Beach","FL",68749,102.9,1416,317400
128, "Fort Lauderdale","FL",180072,117.1,1217,329500
129, "Fort Myers","FL",79943,92.6,982,230800
130, "Fort Pierce","FL",45581,89.3,956,125680
131, "Hallandale Beach","FL",39831,111.6,1216,260700
132, "Lake Worth","FL",38107,100.9,1063,185238
133, "Miami Beach","FL",92307,121.0,1306,458800
134, "Miami Gardens","FL",2897,119.2,642,201104
135, "North Miami","FL",62225,110.2,1150,218366
136, "North Miami Beach","FL",44124,110.3,1156,221165
137, "North Port","FL",66300,94.2,1186,175300
138, "Ormond Beach","FL",42816,89.2,1094,214433
139, "Palm Bay","FL",111657,89.1,1039,153200
140, "Palm Beach Gardens","FL",55036,102.3,1621,358176
141, "Palm Coast","FL",86516,93.4,1241,215300
142, "Panama City","FL",36986,86.4,883,154084
143, "Pembroke Pines","FL",170712,113.9,1378,300600
144, "Plant City","FL",38714,94.1,976,191728
145, "Pompano Beach","FL",110473,113.9,1249,197400
146, "Port St. Lucie","FL",189344,90.6,1361,205000
147, "St. Cloud","FL",51282,91.4,1178,184421
148, "St. Petersburg","FL",263255,95.3,1083,198400
149, "West Palm Beach","FL",110222,101.5,1248,256600
150, "Winter Garden","FL",43536,90.6,1082,197943
151, "Winter Haven","FL",41280,86.4,917,142470
152, "Winter Springs","FL",36635,91.4,1188,255706
153, "Athens-Clarke County","GA",125691,92.7,843,167400
154, "Augusta-Richmond County","GA",197166,89.5,840,101600
155, "East Point","GA",35282,95.1,1037,110341
156, "Peachtree City","GA",35262,97.4,1452,329510
157, "Sandy Springs","GA",106739,99.8,1294,499200
158, "Warner Robins","GA",74854,90.3,899,100100
159, "Boise City","ID",226570,92.9,909,242000
160, "Idaho Falls","ID",61076,88.0,736,154765
161, "Twin Falls","ID",49202,85.3,772,156406
162, "Arlington Heights","IL",75634,103.9,1245,377500
163, "Buffalo Grove","IL",41226,104.1,1531,342437
164, "Chicago Heights","IL",29901,99.9,918,107032
165, "Des Plaines","IL",58193,103.8,1143,264150
166, "Downers Grove","IL",49540,104.0,1269,362379
167, "Elk Grove Village","IL",32776,103.6,1187,281898
168, "Mount Prospect","IL",53930,104.3,1076,334053
169, "Oak Lawn","IL",56087,102.5,1074,208075
170, "Oak Park","IL",52261,105.1,1142,403303
171, "Orland Park","IL",58765,102.7,1213,301933
172, "Park Ridge","IL",37494,105.6,1344,443263
173, "Rock Island","IL",38110,85.0,714,101978
174, "St. Charles","IL",32714,102.1,1177,304304
175, "Tinley Park","IL",56668,102.0,1155,242918
176, "Fort Wayne","IN",265904,82.6,721,117900
177, "New Albany","IN",36461,86.2,749,142250
178, "South Bend","IN",102245,84.1,758,87600
179, "Terre Haute","IN",60774,82.4,713,78599
180, "Cedar Falls","IA",41570,86.0,814,195950
181, "Cedar Rapids","IA",132228,87.3,767,143600
182, "Council Bluffs","IA",62316,89.0,765,127650
183, "Des Moines","IA",217521,89.9,818,134300
184, "Iowa City","IA",75798,92.1,970,219100
185, "Sioux City","IA",82514,86.2,753,115700
186, "Kansas City","KS",152938,86.1,830,103800
187, "Overland Park","KS",191278,87.8,1101,270800
188, "Bowling Green","KY",67067,87.4,771,153500
189, "Baton Rouge","LA",225374,90.4,855,178300
190, "Lake Charles","LA",77117,86.1,846,167100
191, "New Iberia","LA",29620,80.7,706,121911
192, "New Orleans","LA",393292,98.4,962,227800
193, "College Park","MD",32303,166.0,1609,295946
194, "Barnstable Town","MA",47607,127.4,742,384425
195, "Braintree","MA",37156,134.2,1446,473400
196, "Fall River","MA",89420,134.1,758,249300
197, "Franklin Town","MA",32996,133.2,1208,473400
198, "New Bedford","MA",95120,133.8,812,236200
199, "Weymouth Town","MA",56664,133.6,1313,473400
200, "Ann Arbor","MI",121477,96.5,1214,323400
201, "Battle Creek","MI",51286,82.1,695,101193
202, "Bay City","MI",33188,80.1,544,80912
203, "Dearborn Heights","MI",55758,89.8,995,131049
204, "East Lansing","MI",48844,87.5,945,198230
205, "Farmington Hills","MI",81050,90.9,1223,257000
206, "Grand Rapids","MI",198829,85.6,910,144200
207, "Lincoln Park","MI",36655,88.7,853,99773
208, "Port Huron","MI",29051,88.4,712,107054
209, "Rochester Hills","MI",74205,91.2,1268,285300
210, "Royal Oak","MI",59112,91.1,1022,209573
211, "St. Clair Shores","MI",59635,90.2,977,151195
212, "Sterling Heights","MI",132631,89.9,951,187800
213, "Apple Valley","MN",52435,113.0,1271,268508
214, "Brooklyn Center","MN",31006,112.8,1037,204373
215, "Brooklyn Park","MN",80581,112.0,971,227800
216, "Coon Rapids","MN",62656,112.3,1105,219742
217, "Cottage Grove","MN",36793,112.8,1285,253495
218, "Eden Prairie","MN",64400,113.7,1379,377184
219, "Inver Grove Heights","MN",35392,112.5,1125,246834
220, "Maple Grove","MN",71066,113.3,1444,294200
221, "St. Cloud","MN",67984,99.2,720,154600
222, "St. Louis Park","MN",49029,114.2,1171,256976
223, "St. Paul","MN",306621,113.7,948,211100
224, "Olive Branch","MS",37435,87.0,1106,213143
225, "Blue Springs","MO",54945,86.7,1000,181353
226, "Cape Girardeau","MO",39151,78.1,769,153127
227, "Jefferson City","MO",42895,82.8,613,164112
228, "Kansas City","MO",488943,87.0,919,152900
229, "St. Charles","MO",70329,88.4,983,185000
230, "St. Joseph","MO",76442,79.7,727,108700
231, "St. Louis","MO",308626,88.7,779,141400
232, "St. Peters","MO",57178,87.8,957,202865
233, "University City","MO",34549,89.2,1019,177536
234, "Butte-Silver Bow","MT",33901,85.3,607,179873
235, "Great Falls","MT",58876,87.1,659,174495
236, "Grand Island","NE",51390,77.4,732,142452
237, "Carson City","NV",54745,94.3,883,265605
238, "Las Vegas","NV",641676,97.4,1071,245500
239, "North Las Vegas","NV",242975,97.1,1136,226600
240, "Concord","NH",43019,115.8,1070,212594
241, "Manchester","NH",111196,119.4,1065,226900
242, "Nashua","NH",88341,119.4,1207,273900
243, "Atlantic City","NJ",38429,101.9,835,158655
244, "Bayonne","NJ",67186,120.3,1238,313200
245, "Camden","NJ",74532,100.1,887,84700
246, "Clifton","NJ",86607,120.8,1335,337300
247, "East Orange","NJ",65378,113.0,1103,187500
248, "Elizabeth","NJ",130215,118.2,1162,272700
249, "Fair Lawn","NJ",33710,120.6,1546,422645
250, "Fort Lee","NJ",37907,124.5,1726,371279
251, "Garfield","NJ",32393,122.5,1291,348428
252, "Hackensack","NJ",45248,122.1,1393,322452
253, "Hoboken","NJ",55131,129.8,2129,578535
254, "Jersey City","NJ",270753,123.6,1338,379900
255, "Kearny","NJ",42670,120.5,1266,386618
256, "Linden","NJ",43056,116.4,1246,303297
257, "Newark","NJ",285154,118.3,1063,235000
258, "New Brunswick","NJ",57073,124.1,1503,260499
259, "Passaic","NJ",71247,125.6,1144,346100
260, "Paterson","NJ",148678,121.9,1179,241800
261, "Perth Amboy","NJ",52823,123.3,1298,273762
262, "Plainfield","NJ",51327,114.8,1207,274183
263, "Trenton","NJ",84964,111.8,1086,98100
264, "Union City","NJ",70387,128.5,1215,335600
265, "Vineland","NJ",60392,99.9,1031,170823
266, "Westfield","NJ",30433,117.9,1597,674591
267, "West New York","NJ",54227,127.5,1276,391956
268, "Alamogordo","NM",31248,81.8,685,125104
269, "Albuquerque","NM",558545,92.9,837,196900
270, "Clovis","NM",38962,84.7,813,136810
271, "Farmington","NM",45450,87.5,843,194584
272, "Hobbs","NM",37764,84.3,811,154265
273, "Las Cruces","NM",101712,85.4,743,144100
274, "Rio Rancho","NM",96159,93.8,1104,187900
275, "Roswell","NM",47775,83.0,802,116262
276, "Santa Fe","NM",83776,98.3,998,283000
277, "Albany","NY",98251,107.7,988,177100
278, "Binghamton","NY",45179,101.1,712,88351
279, "Buffalo","NY",258612,101.2,725,92700
280, "Hempstead","NY",55806,152.3,1378,328372
281, "Ithaca","NY",31006,113.1,1152,251738
282, "Jamestown","NY",29591,82.6,605,65166
283, "Long Beach","NY",33750,157.8,1844,492558
284, "Mount Vernon","NY",68703,153.4,1375,341400
285, "New Rochelle","NY",79946,154.7,1432,595000
286, "New York","NY",8622698,162.7,1379,609500
287, "Niagara Falls","NY",48460,100.7,665,76050
288, "North Tonawanda","NY",30475,101.0,686,122506
289, "Poughkeepsie","NY",30614,136.6,1088,193237
290, "Rochester","NY",208046,102.7,833,82400
291, "Rome","NY",32473,99.7,738,98063
292, "Hickory","NC",40611,86.5,713,167561
293, "Schenectady","NY",65625,105.8,864,105900
294, "Syracuse","NY",143396,102.1,791,90100
295, "Troy","NY",49565,107.5,883,154321
296, "Utica","NY",60635,100.1,680,92380
297, "Valley Stream","NY",37935,152.3,1676,409827
298, "White Plains","NY",59047,157.3,1760,561460
299, "Yonkers","NY",202019,156.3,1384,429300
300, "Apex","NC",50451,94.6,1267,318495
301, "Asheville","NC",91902,93.9,1088,267000
302, "Burlington","NC",53077,91.3,759,132025
303, "Cary","NC",165904,94.9,1204,356800
304, "Chapel Hill","NC",59862,95.9,1185,393063
305, "Charlotte","NC",859035,92.4,1088,215500
306, "Concord","NC",92067,91.2,903,212300
307, "Durham","NC",267743,93.9,1014,230100
308, "Fayetteville","NC",209889,88.9,883,132400
309, "Gastonia","NC",76593,91.0,831,149600
310, "Goldsboro","NC",35197,87.1,745,122927
311, "Greensboro","NC",290222,91.1,826,157000
312, "Greenville","NC",92156,89.4,818,156700
313, "Huntersville","NC",56212,93.0,1278,310105
314, "Jacksonville","NC",72447,89.5,1011,149000
315, "Kannapolis","NC",48806,91.3,867,150318
316, "Monroe","NC",35065,91.0,850,159005
317, "Mooresville","NC",37820,83.1,1000,221126
318, "Raleigh","NC",464758,94.6,1082,239700
319, "Rocky Mount","NC",54523,86.2,846,112015
320, "Salisbury","NC",33849,80.8,714,123919
321, "Wake Forest","NC",42269,94.1,1100,306716
322, "Wilmington","NC",119045,94.5,902,249400
323, "Wilson","NC",49348,81.1,783,139437
324, "Winston-Salem","NC",244605,88.3,774,146300
325, "Bismarck","ND",72865,83.0,852,247400
326, "Fargo","ND",122359,99.6,785,213300
327, "Grand Forks","ND",57056,99.3,741,212164
328, "Minot","ND",47822,80.9,810,208549
329, "Bowling Green","OH",31820,93.4,675,189692
330, "Cleveland Heights","OH",44562,95.5,928,131700
331, "Cuyahoga Falls","OH",49247,96.5,834,140843
332, "Grove City","OH",41022,95.0,972,181860
333, "Huber Heights","OH",37986,94.4,889,115013
334, "North Olmsted","OH",31734,95.9,924,166987
335, "North Royalton","OH",30294,95.8,874,203232
336, "Upper Arlington","OH",35337,97.2,1145,321519
337, "Broken Arrow","OK",108303,87.2,1028,168200
338, "Oklahoma City","OK",643648,85.4,841,158200
339, "Grants Pass","OR",37579,91.3,886,235993
340, "Oregon City","OR",36360,102.6,1179,348350
341, "Bethel Park","PA",32404,95.2,954,212143
342, "State College","PA",42430,104.4,957,313414
343, "Cranston","RI",81202,92.6,1039,245600
344, "East Providence","RI",47600,92.3,914,223813
345, "Pawtucket","RI",72001,92.2,877,189300
346, "Providence","RI",180393,94.1,938,203300
347, "Warwick","RI",80871,91.8,1066,218400
348, "Woonsocket","RI",41759,91.5,836,170550
349, "Charleston","SC",134875,95.1,1236,344600
350, "Columbia","SC",133114,88.0,878,192500
351, "Florence","SC",37778,82.0,736,159095
352, "Goose Creek","SC",42619,92.1,1184,195241
353, "Greenville","SC",68219,88.7,904,282900
354, "Hilton Head Island","SC",40055,92.9,1138,488717
355, "Mount Pleasant","SC",86668,96.6,1660,449000
356, "North Charleston","SC",110861,92.6,983,179600
357, "Rock Hill","SC",73068,91.0,913,159300
358, "Spartanburg","SC",37498,83.5,789,126476
359, "Summerville","SC",50388,92.0,1093,217570
360, "Sumter","SC",39982,83.2,773,153830
361, "Rapid City","SD",74421,83.3,826,184200
362, "Sioux Falls","SD",176888,80.7,781,193900
363, "Johnson City","TN",66391,83.6,733,166900
364, "La Vergne","TN",35717,88.5,1149,171838
365, "Cedar Hill","TX",48710,94.5,1393,185407
366, "Cedar Park","TX",75704,93.1,1296,307200
367, "College Station","TX",113564,89.4,945,244000
368, "Copperas Cove","TX",32706,84.2,884,118686
369, "Corpus Christi","TX",325605,86.7,970,141300
370, "Deer Park","TX",33891,92.9,1166,186399
371, "Del Rio","TX",36006,79.6,685,124391
372, "El Paso","TX",683577,82.6,832,127700
373, "Flower Mound","TX",76681,96.4,1750,366600
374, "Fort Worth","TX",874168,94.3,994,169400
375, "Grand Prairie","TX",193837,93.5,1056,164000
376, "Haltom City","TX",44417,94.2,950,131139
377, "La Porte","TX",35371,92.7,1118,166354
378, "League City","TX",104903,93.3,1286,253400
379, "Missouri City","TX",74497,94.1,1489,195500
380, "New Braunfels","TX",79152,88.7,1126,219100
381, "North Richland Hills","TX",70441,95.4,1176,199600
382, "Port Arthur","TX",55498,81.2,764,65644
383, "Round Rock","TX",123678,92.9,1210,267500
384, "San Angelo","TX",100119,84.0,815,134600
385, "San Antonio","TX",1511946,87.2,926,148200
386, "San Juan","TX",36981,80.8,611,76928
387, "San Marcos","TX",63071,92.9,996,152651
388, "Sugar Land","TX",88485,95.5,1667,332900
389, "Texas City","TX",48558,92.3,904,158265
390, "The Colony","TX",42721,94.6,1364,211444
391, "Wichita Falls","TX",104747,82.7,758,101900
392, "Cottonwood Heights","UT",33996,91.7,1211,372457
393, "Pleasant Grove","UT",38845,87.5,1160,313222
394, "St. George","UT",84405,88.7,943,289500
395, "Salt Lake City","UT",200544,92.9,946,307900
396, "South Jordan","UT",70954,92.0,1391,385600
397, "Spanish Fork","UT",39443,87.1,1107,267451
398, "West Valley City","UT",136170,90.9,1041,219800
399, "Newport News","VA",179388,96.3,995,192500
400, "Virginia Beach","VA",450435,97.3,1321,282300
401, "University Place","WA",33401,113.8,1133,375426
402, "Charleston","WV",47929,85.8,660,150394
403, "Huntington","WV",47079,84.5,667,125884
404, "Parkersburg","WV",30096,91.8,679,111953
405, "Eau Claire","WI",68587,90.5,781,149100
406, "Fond du Lac","WI",42809,90.8,738,123696
407, "Green Bay","WI",105116,91.6,692,138600
408, "La Crosse","WI",51834,99.2,766,141461
409, "Menomonee Falls","WI",37443,98.6,1031,250079
410, "New Berlin","WI",39740,99.1,1161,256881
411, "Cornelius","NC",29191,93.6,1258,320323
412, "Oak Creek","WI",36354,98.2,1009,223749
413, "West Allis","WI",59934,97.6,795,146032
414, "West Bend","WI",31596,97.4,831,174860
415, "Queen Creek","AZ",39184,95.8,1394,378232
416, "San Luis","AZ",32446,88.1,655,118533
417, "Paso Robles","CA",42751,114.7,642,456419
418, "Los Altos","CA",30743,170.2,3296,2341612
419, "Los Gatos","CA",30724,167.9,2406,1728928
420, "San Carlos","CA",30499,170.3,2339,1469842
421, "San Pablo","CA",31156,145.3,1336,332525
422, "Cooper City","FL",35732,115.5,1915,390796
423, "Dania Beach","FL",21477,121.6,679,232804
424, "Miami Lakes","FL",31087,110.7,1584,410517
425, "Winter Park","FL",30879,95.0,1155,437017
426, "Post Falls","ID",33290,93.3,1018,215602
427, "Crown Point","IN",29625,95.9,948,190000
428, "West Lafayette","IN",46269,90.1,842,197012
429, "Dover","NH",31398,134.5,1135,286495
430, "Rochester","NH",30797,132.3,1030,196046
431, "Princeton","NJ",31822,119.6,1550,692967
432, "Fuquay-Varina","NC",27906,94.1,1152,243303
433, "Garner","NC",28858,93.7,1066,184624
434, "Holly Springs","NC",35223,94.4,1302,291193
435, "Sanford","NC",29313,80.5,726,146105
436, "Aiken","SC",30721,90.3,862,186416
437, "Greer","SC",30899,85.7,848,170191
438, "Myrtle Beach","SC",32795,90.7,880,188902
439, "Mount Juliet","TN",34726,89.7,1301,273491
440, "Spring Hill","TN",39602,87.8,1486,287373
441, "Harker Heights","TX",31075,84.8,848,188229
442, "Little Elm","TX",46548,95.7,1611,211665
443, "American Fork","UT",29527,87.4,1193,293439
444, "Eagle Mountain","UT",32204,88.9,1546,298482
445, "Saratoga Springs","UT",29608,88.8,1582,349296
446, "Des Moines","WA",31238,117.4,1330,366857
447, "Lake Stevens","WA",32785,115.5,1557,357033
448, "Morgantown","WV",30547,89.6,773,240343
449, "Alabaster","AL",33202,87.3,985,174361
450, "Auburn","AL",63973,85.2,833,241613
451, "Birmingham","AL",210710,86.7,790,87800
452, "Decatur","AL",54405,81.7,619,145677
453, "Dothan","AL",68202,81.0,712,156800
454, "Florence","AL",39852,81.9,630,144572
455, "Gadsden","AL",35409,80.4,580,75412
456, "Hoover","AL",84920,88.7,1075,283500
457, "Huntsville","AL",194585,83.4,777,170900
458, "Madison","AL",48861,83.2,891,251826
459, "Mobile","AL",190265,83.8,797,124800
460, "Montgomery","AL",199518,84.7,827,119500
461, "Prattville","AL",35498,85.8,994,168897
462, "Tuscaloosa","AL",100287,86.2,826,170500
463, "Anchorage","AK",294356,103.4,1291,320000
464, "Fairbanks","AK",31644,104.4,1246,235660
465, "Juneau","AK",32094,91.6,1212,356183
466, "Avondale","AZ",84025,94.6,1126,207300
467, "Buckeye","AZ",68453,94.1,1241,216400
468, "Chandler","AZ",253458,95.5,1254,292800
469, "Flagstaff","AZ",71975,99.6,1300,344600
470, "Gilbert","AZ",242354,95.6,1384,320000
471, "Glendale","AZ",246709,94.7,974,220600
472, "Goodyear","AZ",79858,95.3,1359,298900
473, "Marana","AZ",44792,91.2,1296,227075
474, "Maricopa","AZ",48007,94.6,1308,178014
475, "Mesa","AZ",496401,95.2,1003,224700
476, "Peoria","AZ",168181,94.9,1155,255800
477, "Phoenix","AZ",1626078,95.2,1013,231000
478, "Prescott","AZ",42731,94.5,902,338010
479, "Scottsdale","AZ",249950,98.6,1315,473300
480, "Surprise","AZ",134085,95.1,1268,231900
481, "Tempe","AZ",185038,97.0,1182,266900
482, "Tucson","AZ",535677,89.2,817,150400
483, "Yuma","AZ",95502,88.6,904,143400
484, "Benton","AR",35789,84.3,787,146677
485, "Bentonville","AR",49298,82.9,921,225680
486, "Conway","AR",65782,85.2,778,178800
487, "Fayetteville","AR",85257,83.5,732,218300
488, "Jonesboro","AR",75866,81.2,765,153000
489, "Rogers","AR",66430,82.8,877,171600
490, "Springdale","AR",79599,82.4,718,144400
491, "Fairfield","OH",42566,88.1,830,170052
492, "Adelanto","CA",34066,80.6,1099,176704
493, "Alameda","CA",79177,157.7,1790,891700
494, "Alhambra","CA",85396,146.9,1350,597200
495, "Anaheim","CA",352497,88.2,1578,577500
496, "Antioch","CA",111674,142.1,1708,408100
497, "Arcadia","CA",58799,149.7,1570,1180725
498, "Azusa","CA",49864,137.8,1395,436360
499, "Bakersfield","CA",380874,92.2,1082,239700
500, "Beaumont","CA",46967,80.7,1300,318762
501, "Bell","CA",36217,139.2,1076,417956
502, "Bellflower","CA",77772,139.6,1371,471800
503, "Berkeley","CA",122324,162.2,1627,993500
504, "Brea","CA",42777,87.6,1791,668670
505, "Brentwood","CA",62433,143.9,2249,593479
506, "Burbank","CA",104834,147.0,1635,723000
507, "Calexico","CA",40351,94.3,882,218891
508, "Camarillo","CA",67845,92.8,1962,622100
509, "Campbell","CA",41544,159.9,2192,1035694
510, "Carlsbad","CA",115330,139.8,1998,809700
511, "Nashville","TN",667560,90.1,1079,246800
512, "Carson","CA",92735,136.9,1314,467600
513, "Ceres","CA",48697,97.9,1170,257739
514, "Cerritos","CA",51020,141.7,2349,758257
515, "Chico","CA",93293,97.4,983,332300
516, "Chino","CA",89797,83.0,1626,465000
517, "Claremont","CA",36015,136.7,1553,719192
518, "Clovis","CA",109691,95.5,1164,319100
519, "Coachella","CA",45443,115.8,941,212894
520, "Colton","CA",54828,81.4,1126,247223
521, "Compton","CA",97612,136.1,1193,346300
522, "Concord","CA",129783,147.0,1750,572800
523, "Corona","CA",167836,82.2,1540,470300
524, "Covina","CA",48462,137.9,1421,523751
525, "Cupertino","CA",60777,168.4,3225,1607281
526, "Cypress","CA",49064,87.6,1847,631223
527, "Danville","CA",44786,152.3,2584,1201223
528, "Davis","CA",68986,107.5,1515,649700
529, "Delano","CA",53138,91.9,839,181202
530, "Downey","CA",113092,138.8,1372,556600
531, "Dublin","CA",60939,149.1,2654,910585
532, "Encinitas","CA",63184,143.9,2001,1002608
533, "Escondido","CA",151969,136.5,1438,442800
534, "Fairfield","CA",116266,136.7,1611,415700
535, "Folsom","CA",78038,102.0,1667,521600
536, "Fontana","CA",211815,82.0,1269,373600
537, "Fremont","CA",234962,154.7,2280,927500
538, "Fresno","CA",527438,95.5,954,234500
539, "Fullerton","CA",140392,88.7,1609,672300
540, "Gardena","CA",60224,142.2,1269,483261
541, "Gilroy","CA",57664,148.8,1836,683633
542, "Glendale","CA",203054,151.0,1549,790300
543, "Glendora","CA",52445,137.7,1610,613991
544, "Hanford","CA",56499,92.2,899,233330
545, "Hawthorne","CA",87854,146.0,1183,601400
546, "Hayward","CA",160500,149.7,1795,595500
547, "Hemet","CA",85160,81.0,1074,194900
548, "Hesperia","CA",94859,80.6,1150,238600
549, "Highland","CA",55342,81.6,1048,336274
550, "Hollister","CA",38404,104.9,1425,477807
551, "Indio","CA",88484,118.5,977,277400
552, "Inglewood","CA",110598,143.7,1260,528300
553, "Irvine","CA",277453,89.3,2262,822100
554, "Lakewood","CA",80967,140.5,1829,583200
555, "Lancaster","CA",160316,128.7,1193,262400
556, "Lawndale","CA",33078,143.7,1439,495847
557, "Lincoln","CA",47674,103.5,1796,441880
558, "Livermore","CA",90295,146.5,1868,745600
559, "Lodi","CA",65884,100.4,1074,326800
560, "Lompoc","CA",43542,110.1,1144,299845
561, "Lynwood","CA",71099,139.1,1196,412500
562, "Madera","CA",65508,94.8,939,210800
563, "Manteca","CA",79268,100.0,1330,374800
564, "Martinez","CA",38373,140.7,1741,621517
565, "Menifee","CA",90595,80.7,1448,352700
566, "Merced","CA",83081,94.4,1032,222700
567, "Milpitas","CA",78106,156.5,2422,854100
568, "Modesto","CA",214221,97.8,1148,279600
569, "Monrovia","CA",37061,143.6,1457,719549
570, "Montclair","CA",39276,82.9,1280,354574
571, "Montebello","CA",63192,142.5,1284,524226
572, "Moorpark","CA",36802,92.9,1935,674719
573, "Murrieta","CA",113326,81.7,1725,417000
574, "Napa","CA",79774,149.5,1763,633200
575, "Newark","CA",47531,151.8,2158,730586
576, "Norwalk","CA",106084,137.1,1527,441000
577, "Novato","CA",55980,160.4,2094,755925
578, "Oakland","CA",425195,156.1,1394,686700
579, "Oakley","CA",41714,139.5,1600,437792
580, "Oceanside","CA",176193,137.5,1755,514600
581, "Ontario","CA",175841,82.8,1449,369700
582, "Orange","CA",140560,87.7,1689,656300
583, "Oxnard","CA",210037,92.7,1530,458400
584, "Pacifica","CA",39087,164.3,2415,877427
585, "Palmdale","CA",157519,129.1,1298,274100
586, "Paramount","CA",54909,137.6,1332,361437
587, "Pasadena","CA",142647,147.1,1611,802500
588, "Perris","CA",77879,81.0,1366,283300
589, "Petaluma","CA",60870,145.7,1839,681777
590, "Pittsburg","CA",72141,138.2,1602,387700
591, "Placentia","CA",52157,87.5,1753,641406
592, "Pleasanton","CA",83007,148.9,2346,997500
593, "Pomona","CA",152939,135.8,1259,405000
594, "Porterville","CA",59145,88.5,898,184913
595, "Poway","CA",50041,136.7,1619,721464
596, "Redding","CA",91794,95.5,1039,260000
597, "Redlands","CA",71554,82.0,1209,383800
598, "Rialto","CA",103562,81.9,1227,307900
599, "Richmond","CA",110040,148.2,1460,495400
600, "Riverside","CA",327728,82.0,1352,368600
601, "Rocklin","CA",64838,102.1,1590,477920
602, "Rosemead","CA",54554,147.6,1307,581457
603, "Roseville","CA",135329,102.6,1582,441100
604, "Sacramento","CA",501901,102.4,1215,335900
605, "Salinas","CA",157596,108.4,1388,431500
606, "Santee","CA",58113,135.4,1735,461830
607, "Seaside","CA",34150,110.9,1527,485066
608, "Stanton","CA",38528,87.4,1429,371179
609, "Stockton","CA",310496,98.7,1059,282000
610, "Sunnyvale","CA",153656,164.2,2390,1220900
611, "Temecula","CA",114327,82.1,1868,457300
612, "Torrance","CA",146758,143.6,1672,760300
613, "Tracy","CA",90889,100.7,1726,456100
614, "Tulare","CA",63855,88.3,1012,201239
615, "Turlock","CA",73556,98.5,1121,305100
616, "Tustin","CA",80498,88.5,1883,668500
617, "Upland","CA",76999,83.2,1382,495700
618, "Vacaville","CA",100032,137.6,1586,426400
619, "Vallejo","CA",122105,137.3,1404,373100
620, "Victorville","CA",122441,80.5,1151,221500
621, "Visalia","CA",133010,87.8,967,233900
622, "Vista","CA",101568,138.1,1605,478000
623, "Watsonville","CA",54098,157.7,1434,467302
624, "Westminster","CA",91564,89.7,1601,600100
625, "Whittier","CA",86838,140.8,1329,581300
626, "Wildomar","CA",36932,81.6,1478,356870
627, "Woodland","CA",60012,101.8,1097,367372
628, "Yucaipa","CA",53683,81.3,1083,321238
629, "Arvada","CO",118807,110.3,1243,382700
630, "Aurora","CO",366623,110.6,1321,299600
631, "Boulder","CO",107125,122.9,1542,694900
632, "Brighton","CO",40562,110.0,1267,311229
633, "Broomfield","CO",68341,111.0,1565,416600
634, "Centennial","CO",110250,102.1,1747,366300
635, "Denver","CO",704621,113.2,1286,395100
636, "Englewood","CO",34407,103.0,1186,316210
637, "Greeley","CO",105448,103.2,935,248000
638, "Lakewood","CO",154958,112.1,1354,385200
639, "Littleton","CO",47734,102.4,1294,405578
640, "Longmont","CO",94341,113.7,1300,366900
641, "Loveland","CO",76701,99.1,1197,316700
642, "Northglenn","CO",38928,109.8,1245,319500
643, "Parker","CO",54202,109.5,1413,382856
644, "Pueblo","CO",111127,93.2,756,139500
645, "Thornton","CO",136978,110.3,1424,324800
646, "Westminster","CO",112812,111.3,1370,341200
647, "Bridgeport","CT",146579,130.9,1091,177600
648, "Bristol","CT",60223,104.6,954,195115
649, "Danbury","CT",85246,133.0,1428,314300
650, "Hartford","CT",123400,106.8,926,168000
651, "Meriden","CT",59927,127.1,984,172392
652, "Middletown","CT",46478,125.4,1083,226486
653, "Milford","CT",52970,131.5,1560,300964
654, "Naugatuck","CT",31461,126.7,1012,179164
655, "Norwalk","CT",89005,137.2,1575,423500
656, "Norwich","CT",39470,106.4,973,168552
657, "Shelton","CT",41397,131.0,1300,348121
658, "Stamford","CT",130824,138.0,1705,517700
659, "Torrington","CT",34538,126.5,921,166990
660, "Waterbury","CT",108629,127.1,922,134000
661, "Dover","DE",37538,91.2,954,232603
662, "Newark","DE",33858,102.3,1243,291835
663, "Wilmington","DE",71106,102.1,963,176800
664, "Apopka","FL",51564,91.2,1161,229960
665, "Aventura","FL",38202,113.8,1897,300571
666, "Bradenton","FL",56508,95.5,1099,220012
667, "Clearwater","FL",115513,96.1,984,207200
668, "Davie","FL",105149,114.1,1449,281200
669, "Deltona","FL",90746,88.3,1115,148500
670, "Doral","FL",61130,113.9,2038,417898
671, "Dunedin","FL",36545,95.8,1080,200296
672, "Gainesville","FL",132249,88.7,947,156900
673, "Greenacres","FL",40719,100.1,1287,178104
674, "Hialeah","FL",239673,111.5,1085,232600
675, "Hollywood","FL",153627,115.9,1179,261700
676, "Homestead","FL",69907,108.1,1303,223200
677, "Jacksonville","FL",892062,87.8,988,177000
678, "Jupiter","FL",64976,102.9,1626,346122
679, "Kissimmee","FL",71104,91.6,1141,166800
680, "Lakeland","FL",108054,86.7,981,150800
681, "Largo","FL",84754,94.1,965,129500
682, "Lauderhill","FL",71970,111.4,1135,174600
683, "Margate","FL",58430,113.7,1287,208712
684, "Melbourne","FL",82011,89.4,979,162100
685, "Miami","FL",463347,116.0,1165,322100
686, "Miramar","FL",140328,113.1,1236,314600
687, "Ocala","FL",59110,84.5,856,140434
688, "Ocoee","FL",46402,91.6,1272,256601
689, "Orlando","FL",280257,92.8,1152,232600
690, "Oviedo","FL",40785,92.0,1514,271521
691, "Pensacola","FL",52590,85.4,911,160809
692, "Plantation","FL",93909,115.2,1551,317700
693, "Sanford","FL",59317,91.0,1088,149521
694, "Sarasota","FL",56994,95.4,1077,215954
695, "Sunrise","FL",94323,114.3,1674,200500
696, "Tallahassee","FL",191049,89.7,1014,202400
697, "Tamarac","FL",65669,114.0,1316,170300
698, "Tampa","FL",385430,95.8,1082,233800
699, "Titusville","FL",46263,88.0,868,162610
700, "Wellington","FL",64848,102.0,1734,400980
701, "Weston","FL",70944,117.3,1962,504800
702, "Albany","GA",73179,87.8,671,97400
703, "Alpharetta","GA",65799,97.7,1457,416500
704, "Atlanta","GA",486290,99.1,1104,299400
705, "Columbus","GA",185888,87.7,500,139167
706, "Dalton","GA",33748,87.9,694,145075
707, "Douglasville","GA",33675,95.1,980,176728
708, "Dunwoody","GA",49609,98.9,1443,452275
709, "Gainesville","GA",40359,94.6,868,196055
710, "Hinesville","GA",33140,89.0,998,132468
711, "Marietta","GA",61048,97.4,1039,280112
712, "Milton","GA",38924,97.8,1391,306200
713, "Newnan","GA",38909,95.8,1046,207746
714, "Rome","GA",36375,88.7,723,150995
715, "Roswell","GA",94786,97.6,1271,367900
716, "Savannah","GA",144464,83.2,564,148800
717, "Smyrna","GA",56685,96.9,1134,287751
718, "Valdosta","GA",56085,88.6,753,119399
719, "Caldwell","ID",54660,90.7,804,149474
720, "Lewiston","ID",32820,89.3,709,199252
721, "Meridian","ID",99926,92.8,976,271800
722, "Nampa","ID",93590,92.1,915,171100
723, "Pocatello","ID",55193,87.2,659,146003
724, "Addison","IL",36820,102.8,1003,243610
725, "Algonquin","IL",31017,102.5,1489,267777
726, "Aurora","IL",200965,101.4,1223,177700
727, "Bartlett","IL",41149,103.0,1508,288104
728, "Belleville","IL",41649,87.8,782,100620
729, "Berwyn","IL",55550,102.2,972,195772
730, "Bloomington","IL",77934,86.3,829,165800
731, "Bolingbrook","IL",75201,102.2,1474,227300
732, "Carpentersville","IL",38162,100.9,1018,168291
733, "Champaign","IL",87432,87.1,870,173400
734, "Chicago","IL",2716450,106.5,1067,255900
735, "Cicero","IL",82552,101.7,885,158300
736, "Danville","IL",31424,81.7,704,66405
737, "Decatur","IL",72174,82.8,662,80100
738, "DeKalb","IL",43193,100.6,815,152494
739, "Elgin","IL",112456,100.8,976,189000
740, "Elmhurst","IL",46662,105.4,1520,420219
741, "Evanston","IL",74756,106.8,1393,374300
742, "Galesburg","IL",30769,75.6,618,79881
743, "Glenview","IL",47659,107.9,1795,531676
744, "Gurnee","IL",30767,98.9,1229,265316
745, "Joliet","IL",148462,100.6,988,179700
746, "Lombard","IL",43745,103.9,1339,260866
747, "Moline","IL",42231,85.2,740,118315
748, "Mundelein","IL",31385,100.1,1328,242127
749, "Naperville","IL",147682,103.2,1454,410000
750, "Normal","IL",54284,86.4,825,168833
751, "Northbrook","IL",33400,108.8,2110,563687
752, "Oswego","IL",34833,101.5,1331,260591
753, "Palatine","IL",68644,103.9,1233,285300
754, "Pekin","IL",32731,82.9,677,106655
755, "Peoria","IL",112883,83.3,738,131100
756, "Plainfield","IL",43926,103.7,1854,315864
757, "Quincy","IL",40303,77.1,669,117748
758, "Rockford","IL",147051,83.9,742,88800
759, "Romeoville","IL",39632,102.6,1488,181665
760, "Schaumburg","IL",74184,104.0,1394,285700
761, "Skokie","IL",63978,105.8,1184,327600
762, "Springfield","IL",114868,84.3,749,124400
763, "Streamwood","IL",39978,103.6,1659,189674
764, "Urbana","IL",41989,87.5,767,160347
765, "Waukegan","IL",87729,97.2,920,138800
766, "Wheaton","IL",53373,103.8,1377,361208
767, "Mishawaka","IN",49177,84.6,762,109336
768, "Wheeling","IL",38562,103.0,1238,197949
769, "Woodridge","IL",33598,102.7,1214,274714
770, "Anderson","IN",55076,84.2,700,77115
771, "Bloomington","IN",85071,87.8,837,196900
772, "Carmel","IN",92198,89.0,1150,345900
773, "Columbus","IN",47143,87.8,880,155529
774, "Elkhart","IN",52558,86.4,762,111688
775, "Evansville","IN",118930,81.7,712,92700
776, "Fishers","IN",91832,88.8,1226,274000
777, "Gary","IN",76008,94.4,733,66900
778, "Goshen","IN",33220,86.4,783,130052
779, "Greenwood","IN",57375,87.6,885,154003
780, "Hammond","IN",76618,94.6,823,89200
781, "Indianapolis","IN",863002,87.7,870,137600
782, "Jeffersonville","IN",47383,85.9,795,130786
783, "Kokomo","IN",57836,84.6,682,82423
784, "Lafayette","IN",72390,87.6,798,105300
785, "Lawrence","IN",48704,87.1,848,145457
786, "Merrillville","IN",34871,96.8,967,154843
787, "Muncie","IN",68625,84.7,692,72100
788, "Noblesville","IN",61882,87.9,984,229034
789, "Portage","IN",36672,96.7,922,154309
790, "Richmond","IN",35455,76.6,689,93433
791, "Valparaiso","IN",33376,96.0,875,186714
792, "Westfield","IN",39493,89.1,1215,210952
793, "Ames","IA",66498,91.5,916,216000
794, "Ankeny","IA",62416,90.3,962,223122
795, "Bettendorf","IA",35813,86.6,942,200959
796, "Davenport","IA",102320,85.8,766,130900
797, "Dubuque","IA",58276,84.9,774,157570
798, "Marion","IA",39400,86.4,660,158573
799, "Urbandale","IA",43592,90.0,903,236661
800, "Waterloo","IA",67587,85.0,715,125200
801, "Hutchinson","KS",40772,76.7,718,117505
802, "Lawrence","KS",96892,86.3,872,203800
803, "Leavenworth","KS",36210,86.1,892,130054
804, "Leawood","KS",34659,88.8,1318,469035
805, "Lenexa","KS",53553,87.4,1068,267165
806, "Manhattan","KS",54832,81.2,890,211272
807, "Olathe","KS",137472,86.7,949,239100
808, "Salina","KS",46994,77.8,757,150972
809, "Shawnee","KS",65513,86.6,933,240000
810, "Topeka","KS",126587,81.2,775,97300
811, "Wichita","KS",390591,81.9,786,135100
812, "Covington","KY",40455,87.4,646,107197
813, "Hopkinsville","KY",32634,87.9,655,123676
814, "Lexington-Fayette","KY",321959,89.3,854,193100
815, "Owensboro","KY",59404,85.5,782,119286
816, "Richmond","KY",35397,81.4,646,153037
817, "Alexandria","LA",47334,84.0,807,146557
818, "Houma","LA",33278,85.0,739,160879
819, "Kenner","LA",67451,95.4,926,179600
820, "Lafayette","LA",126848,85.6,856,193000
821, "Monroe","LA",48371,85.5,698,162415
822, "Shreveport","LA",192036,85.6,760,155300
823, "Bangor","ME",31903,97.4,845,148358
824, "Lewiston","ME",36221,93.8,661,141988
825, "Portland","ME",66882,103.8,1067,291200
826, "Annapolis","MD",39321,135.4,1498,372168
827, "Baltimore","MD",611648,129.3,1035,154400
828, "Bowie","MD",58859,165.1,1870,329107
829, "Frederick","MD",71408,175.3,1352,275900
830, "Gaithersburg","MD",68710,186.5,1581,427700
831, "Hagerstown","MD",40306,136.4,811,171998
832, "Rockville","MD",68401,189.9,1875,484000
833, "Salisbury","MD",32807,91.8,951,149490
834, "Attleboro","MA",44590,132.3,1037,302005
835, "Beverly","MA",41816,137.4,1170,431579
836, "Boston","MA",685094,147.7,1541,540600
837, "Brockton","MA",95672,135.6,1125,264200
838, "Cambridge","MA",113630,151.2,2102,773200
839, "Chelsea","MA",40227,145.3,1353,402933
840, "Chicopee","MA",55515,122.2,883,187314
841, "Everett","MA",46324,139.8,1438,374353
842, "Fitchburg","MA",40793,128.2,943,212501
843, "Haverhill","MA",63639,134.8,1141,300007
844, "Holyoke","MA",40341,122.5,739,188049
845, "Lawrence","MA",80162,139.7,1128,282300
846, "Leominster","MA",41615,128.3,907,267104
847, "Lowell","MA",111346,136.8,1103,270100
848, "Lynn","MA",94063,139.8,1071,336100
849, "Malden","MA",61246,139.4,1467,387544
850, "Marlborough","MA",39873,135.6,1379,380006
851, "Medford","MA",57797,141.2,1656,480504
852, "Newton","MA",88994,142.8,1754,930400
853, "Peabody","MA",52987,138.0,1261,403539
854, "Pittsfield","MA",42591,106.4,840,175668
855, "Quincy","MA",94166,141.2,1407,426200
856, "Revere","MA",53993,142.3,1392,425647
857, "Salem","MA",43415,139.1,1163,369225
858, "Somerville","MA",81360,147.2,1671,666500
859, "Springfield","MA",154758,120.8,835,152200
860, "Taunton","MA",57139,132.7,973,289900
861, "Waltham","MA",62442,141.1,1582,515887
862, "Westfield","MA",41700,122.0,954,236713
863, "Woburn","MA",39701,138.4,1536,455380
864, "Worcester","MA",185677,130.5,1019,221600
865, "Dearborn","MI",94491,90.1,942,144900
866, "Detroit","MI",673104,87.4,782,50200
867, "Eastpointe","MI",32511,89.8,1074,120709
868, "Flint","MI",96448,78.6,683,27400
869, "Holland","MI",33366,84.6,848,155003
870, "Jackson","MI",32704,82.1,655,87806
871, "Kalamazoo","MI",75807,81.8,776,100500
872, "Kentwood","MI",51747,85.6,910,177640
873, "Lansing","MI",116986,83.8,787,85700
874, "Livonia","MI",94105,89.7,1026,190000
875, "Midland","MI",41950,78.1,727,160728
876, "Muskegon","MI",38131,81.1,658,85521
877, "Novi","MI",59715,91.3,1233,301033
878, "Pontiac","MI",59792,88.9,813,102963
879, "Portage","MI",48816,82.1,770,178840
880, "Roseville","MI",47501,88.7,940,119845
881, "Saginaw","MI",48677,81.9,667,57740
882, "Southfield","MI",73208,89.8,1060,157400
883, "Southgate","MI",29084,89.2,837,129146
884, "Taylor","MI",61276,88.7,850,108335
885, "Troy","MI",83813,90.9,1194,297600
886, "Warren","MI",135022,89.5,910,124700
887, "Westland","MI",81747,89.1,855,121000
888, "Wyoming","MI",75938,84.8,852,127500
889, "Andover","MN",32902,113.7,1554,284969
890, "Blaine","MN",64557,111.9,1116,209583
891, "Bloomington","MN",85866,113.4,1160,243500
892, "Burnsville","MN",61439,113.2,1187,267970
893, "Duluth","MN",86066,97.4,788,165200
894, "Eagan","MN",66627,112.7,1113,288500
895, "Edina","MN",51958,115.9,1427,433683
896, "Lakeville","MN",63748,113.4,1391,296272
897, "Mankato","MN",42264,80.1,895,178596
898, "Maplewood","MN",40918,113.3,1136,236934
899, "Minneapolis","MN",422331,114.4,989,250400
900, "Minnetonka","MN",53085,114.3,1355,355558
901, "Moorhead","MN",43122,98.3,806,159512
902, "Plymouth","MN",78395,114.0,1371,361900
903, "Richfield","MN",36151,113.6,1001,248014
904, "Rochester","MN",115733,104.1,982,211900
905, "Roseville","MN",36314,113.4,1028,263093
906, "Shakopee","MN",40893,112.7,1225,257484
907, "Woodbury","MN",69756,113.9,1457,328000
908, "Biloxi","MS",45908,87.3,827,165988
909, "Greenville","MS",30686,79.5,662,100507
910, "Gulfport","MS",71822,86.9,823,124600
911, "Hattiesburg","MS",46377,80.9,736,132314
912, "Jackson","MS",166965,83.6,819,93400
913, "Meridian","MS",37940,78.3,640,92310
914, "Southaven","MS",54031,85.8,976,153287
915, "Tupelo","MS",38114,80.1,762,152538
916, "Ballwin","MO",30181,89.2,1121,267764
917, "Chesterfield","MO",47588,89.9,1166,398897
918, "Columbia","MO",121717,86.5,871,187100
919, "Florissant","MO",52303,88.7,946,128898
920, "Independence","MO",117306,85.9,837,112700
921, "Joplin","MO",52288,82.2,734,114069
922, "Springfield","MO",167376,82.7,735,121100
923, "Wildwood","MO",35501,89.3,1165,415739
924, "Billings","MT",109642,89.7,840,226100
925, "Bozeman","MT",46596,94.9,1008,330324
926, "Missoula","MT",73340,93.7,772,279800
927, "Bellevue","NE",53424,89.5,935,158451
928, "Kearney","NE",33835,78.6,773,181402
929, "Lincoln","NE",284736,84.3,818,171300
930, "Omaha","NE",466893,89.3,892,157100
931, "Henderson","NV",302539,98.3,1228,311200
932, "Reno","NV",248853,98.1,946,328700
933, "Sparks","NV",100888,97.2,1028,305800
934, "Akron","OH",197846,95.7,731,81600
935, "Beavercreek","OH",46948,95.5,1104,201323
936, "Brunswick","OH",34604,94.8,822,185235
937, "Canton","OH",70909,89.4,676,74200
938, "Cincinnati","OH",301301,88.7,697,143100
939, "Cleveland","OH",385525,94.7,704,70200
940, "Columbus","OH",879170,95.2,917,151400
941, "Dayton","OH",140371,93.3,679,63900
942, "Delaware","OH",37372,95.3,845,198643
943, "Dublin","OH",47619,97.3,1350,367211
944, "Elyria","OH",53883,93.4,677,117101
945, "Euclid","OH",47201,95.2,782,108255
946, "Fairborn","OH",33541,94.4,775,126037
947, "Findlay","OH",41321,78.6,739,131446
948, "Gahanna","OH",35297,95.4,1049,221025
949, "Hamilton","OH",62092,87.9,737,119234
950, "Kettering","OH",55175,94.4,760,137542
951, "Lakewood","OH",50249,95.5,762,140671
952, "Lancaster","OH",40280,94.8,766,132774
953, "Lima","OH",37149,89.5,605,82457
954, "Lorain","OH",63841,93.2,675,85800
955, "Mansfield","OH",46160,89.8,552,88014
956, "Marion","OH",36620,77.5,654,84426
957, "Mason","OH",33235,89.1,1160,227134
958, "Massillon","OH",32342,89.8,704,106950
959, "Mentor","OH",47121,94.7,916,181217
960, "Middletown","OH",48823,88.0,733,126272
961, "Newark","OH",49423,94.1,759,129919
962, "Parma","OH",79167,95.0,819,116400
963, "Reynoldsburg","OH",37847,95.4,1011,182619
964, "Springfield","OH",59208,92.1,659,94964
965, "Stow","OH",34769,96.7,962,187480
966, "Strongsville","OH",44744,95.7,967,203710
967, "Toledo","OH",276491,91.7,675,78400
968, "Warren","OH",39562,89.3,607,79525
969, "Westerville","OH",39737,95.2,988,242581
970, "Westlake","OH",32297,96.8,1136,219500
971, "Youngstown","OH",64604,88.3,594,41400
972, "Bartlesville","OK",36389,79.8,694,129079
973, "Edmond","OK",91950,86.1,972,232900
974, "Enid","OK",50122,81.1,805,119337
975, "Lawton","OK",93714,83.9,778,120500
976, "Moore","OK",61523,85.3,991,131565
977, "Muskogee","OK",37858,79.9,641,101753
978, "Norman","OK",122843,85.7,879,174900
979, "Stillwater","OK",49829,86.3,783,195927
980, "Tulsa","OK",401800,86.5,811,139700
981, "Albany","OR",53503,88.4,933,224866
982, "Beaverton","OR",97514,104.0,1327,389500
983, "Bend","OR",94520,101.2,1222,400700
984, "Corvallis","OR",57961,100.7,1063,354262
985, "Eugene","OR",168916,97.3,937,279000
986, "Gresham","OR",111053,103.7,1112,296300
987, "Hillsboro","OR",106894,103.1,1445,350000
988, "Keizer","OR",39315,95.2,1015,249334
989, "McMinnville","OR",34347,100.7,825,267135
990, "Medford","OR",81780,98.7,948,270400
991, "Portland","OR",647805,106.6,1216,427500
992, "Salem","OR",169798,94.8,947,234900
993, "Springfield","OR",62353,96.4,868,194169
994, "Tigard","OR",53148,103.6,1267,410036
995, "Allentown","PA",121283,99.5,933,123700
996, "Altoona","PA",44098,91.7,633,104992
997, "Bethlehem","PA",75707,100.0,970,169700
998, "Erie","PA",97369,91.6,682,88000
999, "Harrisburg","PA",49192,95.9,851,100079
1000, "Lancaster","PA",59708,95.5,844,124108
1001, "Norristown","PA",34510,102.9,1074,170574
1002, "Philadelphia","PA",1580863,103.7,969,166200
1003, "Pittsburgh","PA",302407,95.3,925,123600
1004, "Reading","PA",88423,94.6,758,70000
1005, "Scranton","PA",77605,94.7,751,108100
1006, "Smyrna","TN",49969,87.8,913,199938
1007, "Wilkes-Barre","PA",40806,94.0,706,98603
1008, "York","PA",44132,94.2,833,93940
1009, "Bartlett","TN",59102,87.1,1338,188679
1010, "Brentwood","TN",42667,94.8,2127,677332
1011, "Chattanooga","TN",179139,88.7,818,163000
1012, "Clarksville","TN",153205,87.4,981,153800
1013, "Cleveland","TN",44483,83.9,717,176170
1014, "Collierville","TN",50286,87.0,1230,313954
1015, "Columbia","TN",38266,82.8,893,152331
1016, "Cookeville","TN",33452,82.2,675,168588
1017, "Franklin","TN",78321,91.3,1422,412900
1018, "Gallatin","TN",37351,88.1,845,211245
1019, "Germantown","TN",39141,87.6,1322,331585
1020, "Hendersonville","TN",57517,89.7,1149,279989
1021, "Jackson","TN",66847,85.9,860,138400
1022, "Kingsport","TN",53374,81.2,646,149047
1023, "Knoxville","TN",187347,86.1,834,133900
1024, "Memphis","TN",652236,85.1,863,98700
1025, "Murfreesboro","TN",136372,88.4,970,243800
1026, "Abilene","TX",121885,82.0,822,114900
1027, "Allen","TX",100685,96.0,1618,322400
1028, "Amarillo","TX",199826,83.4,828,131400
1029, "Arlington","TX",396394,94.5,990,167800
1030, "Austin","TX",950715,95.6,1244,332700
1031, "Baytown","TX",76804,91.5,869,126600
1032, "Beaumont","TX",119114,81.7,842,105000
1033, "Bedford","TX",49486,95.3,1033,244624
1034, "Brownsville","TX",183299,79.2,690,93300
1035, "Bryan","TX",84021,87.6,880,129600
1036, "Burleson","TX",46145,94.6,1191,165968
1037, "Carrollton","TX",135710,94.9,1179,240700
1038, "Conroe","TX",84378,93.1,1011,196800
1039, "Coppell","TX",41941,95.6,1365,396256
1040, "Dallas","TX",1341075,95.1,992,190600
1041, "Denton","TX",136268,95.0,1005,223900
1042, "DeSoto","TX",53568,93.8,1098,209884
1043, "Duncanville","TX",39487,93.9,1095,170760
1044, "Edinburg","TX",90280,81.4,760,115200
1045, "Euless","TX",55174,95.1,1111,197969
1046, "Friendswood","TX",39839,93.0,1113,312246
1047, "Frisco","TX",177286,95.6,1449,404100
1048, "Galveston","TX",50497,94.1,928,181199
1049, "Garland","TX",238002,94.0,1002,161700
1050, "Georgetown","TX",70685,94.0,1262,280300
1051, "Grapevine","TX",53982,96.0,1243,323013
1052, "Harlingen","TX",65467,79.4,669,95100
1053, "Houston","TX",2312717,93.5,986,173600
1054, "Huntsville","TX",41277,84.4,842,180657
1055, "Hurst","TX",39051,94.6,949,205535
1056, "Irving","TX",240373,94.6,1103,187700
1057, "Keller","TX",47266,95.6,1338,363994
1058, "Killeen","TX",145482,84.9,889,128300
1059, "Lancaster","TX",39386,93.5,1056,145898
1060, "Laredo","TX",260654,83.2,809,136400
1061, "Lewisville","TX",106021,95.3,1222,222200
1062, "Longview","TX",81522,83.3,815,145100
1063, "Lubbock","TX",253888,84.4,900,138000
1064, "Lufkin","TX",35837,80.1,818,128357
1065, "McAllen","TX",142696,81.8,746,131000
1066, "McKinney","TX",181330,95.4,1377,317200
1067, "Mansfield","TX",68928,95.5,1361,247600
1068, "Mesquite","TX",143949,93.7,1052,142000
1069, "Midland","TX",136089,84.9,1101,204100
1070, "Mission","TX",84424,81.2,670,104400
1071, "Nacogdoches","TX",33614,81.3,775,158895
1072, "Odessa","TX",116861,82.8,948,157800
1073, "Pasadena","TX",153520,92.0,864,122900
1074, "Pearland","TX",119940,89.6,1353,251400
1075, "Pflugerville","TX",63359,93.7,1365,332987
1076, "Pharr","TX",79487,81.3,721,83100
1077, "Plano","TX",286143,95.8,1371,329500
1078, "Richardson","TX",116783,96.0,1297,269900
1079, "Rockwall","TX",44208,95.1,1306,289492
1080, "Rosenberg","TX",37661,92.7,920,151300
1081, "Rowlett","TX",62868,95.4,1572,225110
1082, "Schertz","TX",40092,88.7,1285,243034
1083, "Sherman","TX",41917,85.1,889,138883
1084, "Socorro","TX",34048,81.3,674,88763
1085, "Temple","TX",74503,84.9,900,139000
1086, "Texarkana","TX",37333,79.5,646,137786
1087, "Tyler","TX",104991,85.1,888,153400
1088, "Victoria","TX",67106,84.7,898,144200
1089, "Waco","TX",136436,84.6,836,117100
1090, "Weslaco","TX",40358,81.1,664,84790
1091, "Wylie","TX",49826,94.8,1419,202294
1092, "Bountiful","UT",44107,87.3,991,320851
1093, "Clearfield","UT",31363,87.2,1010,205035
1094, "Draper","UT",47710,92.7,1413,474858
1095, "Layton","UT",76691,86.6,976,252300
1096, "Lehi","UT",62712,88.1,1442,287815
1097, "Logan","UT",51115,89.2,756,194152
1098, "Murray","UT",49295,91.9,1095,297179
1099, "Ogden","UT",87031,87.1,794,182600
1100, "Orem","UT",97839,87.2,1006,266600
1101, "Provo","UT",117335,87.8,830,256900
1102, "Riverton","UT",43344,91.9,1365,340616
1103, "Roy","UT",38595,86.9,1012,218116
1104, "Sandy","UT",96145,91.4,1168,347300
1105, "Taylorsville","UT",59992,91.0,1025,264356
1106, "Tooele","UT",34628,89.8,964,213368
1107, "Burlington","VT",42239,105.9,1179,274644
1108, "Alexandria","VA",160035,174.6,1693,573200
1109, "Blacksburg","VA",44563,90.4,1076,320716
1110, "Charlottesville","VA",48019,94.7,1069,271099
1111, "Chesapeake","VA",240397,96.6,1218,270200
1112, "Danville","VA",41130,83.3,625,160634
1113, "Hampton","VA",134669,96.1,1072,184100
1114, "Harrisonburg","VA",54215,88.9,850,256287
1115, "Leesburg","VA",54215,164.9,1574,449193
1116, "Lynchburg","VA",80995,84.5,837,160400
1117, "Manassas","VA",41501,165.5,1443,380593
1118, "Norfolk","VA",244703,96.7,989,204400
1119, "Petersburg","VA",31750,92.4,890,156722
1120, "Portsmouth","VA",94572,96.0,976,175200
1121, "Richmond","VA",227032,94.1,946,233200
1122, "Roanoke","VA",99837,85.9,790,136300
1123, "Suffolk","VA",90237,96.0,1051,252000
1124, "Auburn","WA",80776,114.9,1233,323100
1125, "Bellevue","WA",144444,122.6,1846,806800
1126, "Bellingham","WA",89045,102.2,1061,372600
1127, "Bothell","WA",45533,119.0,1764,522712
1128, "Bremerton","WA",41041,110.8,955,228164
1129, "Burien","WA",51671,117.6,1139,402319
1130, "Edmonds","WA",42209,118.5,1383,534947
1131, "Everett","WA",110079,116.2,1220,325900
1132, "Issaquah","WA",37487,120.9,1968,634145
1133, "Kennewick","WA",81607,93.7,838,200500
1134, "Kent","WA",128458,116.2,1369,343700
1135, "Kirkland","WA",88630,121.0,1768,682300
1136, "Lacey","WA",49748,110.7,1301,269757
1137, "Lakewood","WA",60296,113.3,993,272973
1138, "Longview","WA",37602,94.6,804,185390
1139, "Lynnwood","WA",38273,117.9,1103,399342
1140, "Marysville","WA",68864,114.9,1314,337000
1141, "Olympia","WA",51609,111.3,1093,294381
1142, "Pasco","WA",73013,93.4,798,209000
1143, "Puyallup","WA",41001,113.0,1206,327310
1144, "Redmond","WA",64291,121.4,1951,731191
1145, "Renton","WA",101379,117.7,1532,401600
1146, "Richland","WA",56243,94.7,1072,272221
1147, "Sammamish","WA",64548,120.6,2361,858020
1148, "Seattle","WA",724745,124.9,1555,673100
1149, "Shoreline","WA",56189,119.4,1451,491289
1150, "Spokane","WA",217108,92.5,830,190200
1151, "Tacoma","WA",213418,113.5,1071,269800
1152, "Vancouver","WA",175673,102.8,1183,290500
1153, "Wenatchee","WA",33962,95.3,869,250779
1154, "Yakima","WA",93667,94.9,761,168700
1155, "Appleton","WI",74653,92.1,779,148600
1156, "Beloit","WI",36773,92.4,781,90060
1157, "Brookfield","WI",38045,100.5,1538,315442
1158, "Franklin","WI",36143,98.2,998,235761
1159, "Greenfield","WI",36827,98.2,927,177056
1160, "Janesville","WI",64359,92.8,800,139106
1161, "Kenosha","WI",99877,104.4,883,145500
1162, "Madison","WI",255214,97.6,1095,240700
1163, "Manitowoc","WI",32697,76.4,661,102616
1164, "Milwaukee","WI",595351,97.4,820,122300
1165, "Oshkosh","WI",66665,90.9,734,128500
1166, "Racine","WI",77542,94.7,760,106700
1167, "Sheboygan","WI",48329,89.7,674,111987
1168, "Waukesha","WI",72489,98.1,891,209800
1169, "Wausau","WI",38739,90.3,641,114618
1170, "Wauwatosa","WI",48277,98.7,1004,237328
1171, "Casper","WY",57814,81.4,876,210506
1172, "Cheyenne","WY",63624,83.7,905,215781
1173, "Laramie","WY",32306,89.2,755,255755
1174, "Opelika","AL",30240,83.1,678,154869
1175, "Kingman","AZ",29472,88.0,823,167573
1176, "Sahuarita","AZ",29318,92.2,1479,242534
1177, "Sherwood","AR",31081,84.2,806,154403
1178, "Atascadero","CA",30418,106.0,1363,498664
1179, "Banning","CA",31230,81.5,1039,228763
1180, "Burlingame","CA",30686,184.1,2245,1885396
1181, "Goleta","CA",31116,118.9,1951,800367
1182, "Saratoga","CA",30905,168.5,2732,2264220
1183, "Fountain","CO",29804,99.0,1439,215744
1184, "Lafayette","CO",28328,114.6,1374,395754
1185, "Windsor","CO",25330,103.5,1336,340035
1186, "Clermont","FL",35211,91.9,1219,237419
1187, "Parkland","FL",32202,121.2,2884,769927
1188, "Canton","GA",27936,96.3,1060,211759
1189, "Chamblee","GA",29428,98.4,1144,263259
1190, "Kennesaw","GA",34344,96.1,1249,188902
1191, "LaGrange","GA",30472,82.1,727,141995
1192, "Lawrenceville","GA",29873,95.9,993,183413
1193, "Statesboro","GA",31379,75.7,760,120745
1194, "Woodstock","GA",31564,96.9,1374,234679
1195, "Plainfield","IN",32865,88.0,971,170588
1196, "Elizabethtown","KY",30023,84.9,749,172348
1197, "Florence","KY",32305,87.7,857,148863
1198, "Georgetown","KY",33660,88.2,817,166922
1199, "Nicholasville","KY",30553,88.7,827,151521
1200, "Gloucester","MA",30172,137.9,1061,398833
1201, "Savage","MN",31352,112.3,1189,306320
1202, "Kaysville","UT",31776,85.9,822,306259
1203, "Liberty","MO",31507,86.4,893,200390
1204, "Wentzville","MO",39414,88.3,1031,201609
1205, "Helena","MT",31429,88.1,760,247662
1206, "Hilliard","OH",35939,95.5,1071,236964
1207, "Owasso","OK",36215,87.1,988,176469
1208, "Shawnee","OK",31232,79.4,651,112106
1209, "Redmond","OR",30011,99.5,1050,276512
1210, "Lebanon","TN",32226,88.6,892,217005
1211, "Morristown","TN",29771,78.8,694,122782
1212, "Cibolo","TX",29249,90.4,1723,276930
1213, "Cleburne","TX",30230,93.9,878,131679
1214, "Kyle","TX",43480,93.4,1454,182579
1215, "Leander","TX",49234,94.3,1633,216197
1216, "Midlothian","TX",25254,93.7,1157,191698
1217, "Southlake","TX",31824,97.0,1427,709073
1218, "Waxahachie","TX",35340,93.7,1008,175904
1219, "Weatherford","TX",30654,95.6,1125,204094
1220, "Herriman","UT",39224,92.0,1265,352016
1221, "Holladay","UT",30709,93.1,1092,517705
1222, "Midvale","UT",33208,92.6,1084,275952
1223, "Springville","UT",33294,86.7,955,281027
1224, "Syracuse","UT",29507,89.3,1598,294807
1225, "Pullman","WA",33354,94.6,787,284391
1226, "Fitchburg","WI",29485,97.3,1010,311577
1227, "Gillette","WY",30560,86.2,971,215237
1228, "Elk Grove","CA",171844,99.7,1552,403300
1229, "La Quinta","CA",41304,82.5,1452,435634
1230, "San Clemente","CA",65267,89.8,1653,894500
1231, "San Juan Capistrano","CA",36064,88.2,1872,695386
1232, "New Britain","CT",72710,106.0,1006,157900
1233, "Daytona Beach","FL",68055,89.0,843,147700
1234, "Lauderdale Lakes","FL",36069,111.6,1068,156217
1235, "North Lauderdale","FL",44198,112.5,1349,221646
1236, "Oakland Park","FL",45035,114.1,1178,234072
1237, "Pinellas Park","FL",52854,94.1,975,159730
1238, "Port Orange","FL",63203,89.2,1088,181861
1239, "Riviera Beach","FL",34674,100.0,1160,215988
1240, "Royal Palm Beach","FL",38592,101.3,1609,268386
1241, "Johns Creek","GA",84350,98.2,1442,306200
1242, "Calumet City","IL",36633,100.8,974,110081
1243, "Carol Stream","IL",39989,102.2,1131,246486
1244, "Crystal Lake","IL",40421,101.5,1245,223505
1245, "Glendale Heights","IL",34058,102.5,1170,186622
1246, "Hanover Park","IL",37982,101.8,1200,184279
1247, "Hoffman Estates","IL",51567,102.6,1234,284947
1248, "North Chicago","IL",29842,98.6,1144,109260
1249, "Michigan City","IN",31056,84.8,733,107544
1250, "West Des Moines","IA",65608,90.5,959,248756
1251, "Bossier City","LA",68554,86.6,959,159900
1252, "Long Branch","NJ",30762,123.7,1320,298937
1253, "Sayreville","NJ",45262,121.5,1238,315831
1254, "Freeport","NY",43508,151.7,1407,337517
1255, "Indian Trail","NC",36360,92.7,1180,204558
1256, "Midwest City","OK",57308,85.0,797,126098
1257, "Lake Oswego","OR",39196,106.0,1507,661558
1258, "West Jordan","UT",113905,91.2,1160,283700
1259, "Federal Way","WA",96690,115.3,1204,340500
1260, "Mount Vernon","WA",35051,99.9,900,249169
1261, "Spokane Valley","WA",97847,93.5,825,222200
1262, "Walla Walla","WA",32854,89.3,832,211343
1263, "Matthews","NC",32117,100.2,1134,265558
1264, "West Fargo","ND",35708,107.9,813,222167
1265, "North Ridgeville","OH",31871,96.0,1088,161392
1266, "Farmers Branch","TX",37088,95.0,1220,188106
1267, "Cedar City","UT",31806,84.4,689,229379
1268, "Sun Prairie","WI",32894,96.4,1010,235202
1269, "Ventura","CA",110873,100.3,840,575876
1270, "Honolulu","HI",374701,199.9,1520,785970
1271, "Louisville","KY",617638,93.5,443,141700
1272, "Methuen","MA",50259,134.6,1160,306086
1273, "Watertown","MA",35756,143.7,1828,577652
1274, "DeLand","FL",32506,88.4,1036,141146
